{"cameraMode":{"drawMode":0,"name":"Shaded","section":"Shading Mode"},"sceneLighting":false,"audioPlay":false,"sceneViewState":{"showFog":true,"showMaterialUpdate":false,"showSkybox":false,"showFlares":true,"showImageEffects":true,"showParticleSystems":true},"in2DMode":false,"pivot":{"x":-6.7831268310546879,"y":22.317657470703126,"z":-0.9379615783691406},"rotation":{"x":-0.5693954825401306,"y":-0.03252264857292175,"z":0.02255130559206009,"w":-0.8211187124252319},"size":404.1658630371094,"orthographic":false}