{"cameraMode":{"drawMode":0,"name":"Shaded","section":"Shading Mode"},"sceneLighting":true,"audioPlay":false,"sceneViewState":{"showFog":true,"showMaterialUpdate":false,"showSkybox":true,"showFlares":true,"showImageEffects":true,"showParticleSystems":true},"in2DMode":false,"pivot":{"x":-95.33515930175781,"y":405.303466796875,"z":683.8997802734375},"rotation":{"x":-0.41561949253082278,"y":0.049905963242053989,"z":-0.022846678271889688,"w":-0.9078920483589172},"size":3199.080810546875,"orthographic":false}