{"cameraMode":{"drawMode":0,"name":"Shaded","section":"Shading Mode"},"sceneLighting":true,"audioPlay":false,"sceneViewState":{"showFog":true,"showMaterialUpdate":false,"showSkybox":true,"showFlares":true,"showImageEffects":true,"showParticleSystems":true},"in2DMode":false,"pivot":{"x":1958.996826171875,"y":-2581.35693359375,"z":2610.02099609375},"rotation":{"x":-0.6809806823730469,"y":-0.12028393894433975,"z":0.11485287547111511,"w":-0.7131761908531189},"size":5095.8427734375,"orthographic":false}